#AlleleID	Type	Name	GeneID	GeneSymbol	HGNC_ID	ClinicalSignificance	ClinSigSimple	LastEvaluated	RS# (dbSNP)	nsv/esv (dbVar)	RCVaccession	PhenotypeIDS	PhenotypeList	Origin	OriginSimple	Assembly	ChromosomeAccession	Chromosome	Start	Stop	ReferenceAllele	AlternateAllele	Cytogenetic	ReviewStatus	NumberSubmitters	Guidelines	TestedInGTR	OtherIDs	SubmitterCategories	VariationID	PositionVCF	ReferenceAlleleVCF	AlternateAlleleVCF	SomaticClinicalImpact	SomaticClinicalImpactLastEvaluated	ReviewStatusClinicalImpact	Oncogenicity	OncogenicityLastEvaluated	ReviewStatusOncogenicity	SCVsForAggregateGermlineClassification	SCVsForAggregateSomaticClinicalImpact	SCVsForAggregateOncogenicityClassification
48521	single nucleotide variant	NM_152467.5(KLHL10):c.647A>C (p.Gln216Pro)	317719	KLHL10	HGNC:18829	Benign/Likely benign	1	Mar 02, 2022	116420871	-	RCV000033135|RCV000957607	MONDO:MONDO:0014037,MedGen:C3554453,OMIM:615081|MedGen:C3661900	Spermatogenic failure 11|not provided	germline;unknown	germline	GRCh38	NC_000017.11	17	41842275	41842275	na	na	17q21.2	criteria provided, multiple submitters, no conflicts	5	-	N	ClinGen:CA130709,UniProtKB:Q6JEL2#VAR_069357,OMIM:608778.0001	3	40008	41842275	A	C	-	-	-	-	-	-	SCV001104420|SCV002794804|SCV005248154	-	-
48522	single nucleotide variant	NM_152467.5(KLHL10):c.937G>A (p.Ala313Thr)	317719	KLHL10	HGNC:18829	Uncertain significance	1	Apr 03, 2023	370756367	-	RCV000033136|RCV001311886	MONDO:MONDO:0014037,MedGen:C3554453,OMIM:615081|MedGen:C3661900	Spermatogenic failure 11|not provided	germline	germline	GRCh38	NC_000017.11	17	41845378	41845378	na	na	17q21.2	criteria provided, multiple submitters, no conflicts	3	-	N	ClinGen:CA130710,UniProtKB:Q6JEL2#VAR_069358,OMIM:608778.0002	3	40009	41845378	G	A	-	-	-	-	-	-	SCV001502240|SCV006052873	-	-
48523	Microsatellite	NM_152467.5(KLHL10):c.1302+123_1302+126del	317719	KLHL10	HGNC:18829	Benign	1	Feb 01, 2024	534770865	-	RCV000033137|RCV003326333	MONDO:MONDO:0014037,MedGen:C3554453,OMIM:615081|MedGen:C3661900	Spermatogenic failure 11|not provided	germline	germline	GRCh38	NC_000017.11	17	41845861	41845864	na	na	17q21.2	criteria provided, single submitter	2	-	N	OMIM:608778.0003,ClinGen:CA500025627	3	40010	41845860	ATTCT	A	-	-	-	-	-	-	SCV004033556	-	-
672328	single nucleotide variant	NM_152467.5(KLHL10):c.242A>T (p.Asn81Ile)	317719	KLHL10	HGNC:18829	Uncertain significance	0	Jun 07, 2020	36065902	-	RCV000845250|RCV004758731	Human Phenotype Ontology:HP:0011961,MedGen:C4021107|	Non-obstructive azoospermia|KLHL10-related disorder	germline;unknown	germline	GRCh38	NC_000017.11	17	41841870	41841870	na	na	17q21.2	criteria provided, single submitter	2	-	N	ClinGen:CA8567189	2	684736	41841870	A	T	-	-	-	-	-	-	SCV000987208	-	-
672329	single nucleotide variant	NM_152467.5(KLHL10):c.887T>C (p.Ile296Thr)	317719	KLHL10	HGNC:18829	Conflicting classifications of pathogenicity	0	Apr 01, 2025	61752339	-	RCV000845252|RCV000950262|RCV003975364	Human Phenotype Ontology:HP:0011961,MedGen:C4021107|MedGen:C3661900|	Non-obstructive azoospermia|not provided|KLHL10-related disorder	germline;unknown	germline	GRCh38	NC_000017.11	17	41845328	41845328	na	na	17q21.2	criteria provided, conflicting classifications	4	-	N	ClinGen:CA8567290	2	684737	41845328	T	C	-	-	-	-	-	-	SCV000987210|SCV001096555|SCV004138346	-	-
983856	single nucleotide variant	NM_152467.5(KLHL10):c.985C>T (p.Arg329Cys)	317719	KLHL10	HGNC:18829	Pathogenic	1	Feb 09, 2021	782565913	-	RCV001290435	MONDO:MONDO:0014037,MedGen:C3554453,OMIM:615081	Spermatogenic failure 11	unknown	unknown	GRCh38	NC_000017.11	17	41845426	41845426	na	na	17q21.2	no assertion criteria provided	1	-	N	ClinGen:CA8567305	2	996145	41845426	C	T	-	-	-	-	-	-	SCV001478457	-	-
1018288	single nucleotide variant	NM_152467.5(KLHL10):c.923T>C (p.Ile308Thr)	317719	KLHL10	HGNC:18829	Uncertain significance	0	Aug 27, 2019	377399919	-	RCV001331776	MONDO:MONDO:0014037,MedGen:C3554453,OMIM:615081	Spermatogenic failure 11	unknown	unknown	GRCh38	NC_000017.11	17	41845364	41845364	na	na	17q21.2	criteria provided, single submitter	1	-	N	ClinGen:CA8567294	2	1030262	41845364	T	C	-	-	-	-	-	-	SCV001523888	-	-
1168371	single nucleotide variant	NM_152467.5(KLHL10):c.195-30C>T	317719	KLHL10	HGNC:18829	Benign	0	Jun 20, 2021	71373458	-	RCV001535391	MedGen:C3661900	not provided	germline	germline	GRCh38	NC_000017.11	17	41841793	41841793	na	na	17q21.2	criteria provided, multiple submitters, no conflicts	2	-	N	ClinGen:CA8567174	2	1178995	41841793	C	T	-	-	-	-	-	-	SCV001752405|SCV005248152	-	-
1220488	single nucleotide variant	NM_152467.5(KLHL10):c.1452+28C>A	317719	KLHL10	HGNC:18829	Benign	0	Jun 21, 2021	75379794	-	RCV001612581	MedGen:C3661900	not provided	germline	germline	GRCh38	NC_000017.11	17	41847438	41847438	na	na	17q21.2	criteria provided, multiple submitters, no conflicts	2	-	N	ClinGen:CA8567397	2	1231817	41847438	C	A	-	-	-	-	-	-	SCV001842340|SCV005250335	-	-
1227681	single nucleotide variant	NM_001329595.1(KLHL10):c.-76G>A	317719	KLHL10	HGNC:18829	Benign	0	Nov 12, 2018	4796715	-	RCV001638956	MedGen:C3661900	not provided	germline	germline	GRCh38	NC_000017.11	17	41837519	41837519	na	na	17q21.2	criteria provided, multiple submitters, no conflicts	2	-	N	ClinGen:CA15907585	2	1238553	41837519	G	A	-	-	-	-	-	-	SCV001848255|SCV005248150	-	-
1238154	single nucleotide variant	NM_152467.5(KLHL10):c.261C>T (p.Pro87=)	317719	KLHL10	HGNC:18829	Benign	0	Aug 19, 2021	1529933	-	RCV001655000|RCV001730909	MedGen:C3661900|MONDO:MONDO:0014037,MedGen:C3554453,OMIM:615081	not provided|Spermatogenic failure 11	germline	germline	GRCh38	NC_000017.11	17	41841889	41841889	na	na	17q21.2	criteria provided, multiple submitters, no conflicts	3	-	N	ClinGen:CA8567194	2	1249063	41841889	C	T	-	-	-	-	-	-	SCV001869459|SCV001981129|SCV005248153	-	-
1238744	single nucleotide variant	NM_152467.5(KLHL10):c.1452+245G>A	317719	KLHL10	HGNC:18829	Benign	0	Jun 21, 2021	138367041	-	RCV001655288	MedGen:C3661900	not provided	germline	germline	GRCh38	NC_000017.11	17	41847655	41847655	na	na	17q21.2	criteria provided, single submitter	1	-	N	ClinGen:CA14475102	2	1250935	41847655	G	A	-	-	-	-	-	-	SCV001867705	-	-
1242355	single nucleotide variant	NM_152467.5(KLHL10):c.195-219C>A	317719	KLHL10	HGNC:18829	Benign	0	Nov 12, 2018	11079017	-	RCV001658710	MedGen:C3661900	not provided	germline	germline	GRCh38	NC_000017.11	17	41841604	41841604	na	na	17q21.2	criteria provided, single submitter	1	-	N	ClinGen:CA14402056	2	1252409	41841604	C	A	-	-	-	-	-	-	SCV001872194	-	-
1244217	single nucleotide variant	NM_152467.5(KLHL10):c.685-259G>A	317719	KLHL10	HGNC:18829	Benign	0	Nov 12, 2018	60090576	-	RCV001653064	MedGen:C3661900	not provided	germline	germline	GRCh38	NC_000017.11	17	41844867	41844867	na	na	17q21.2	criteria provided, single submitter	1	-	N	ClinGen:CA14378817	2	1254282	41844867	G	A	-	-	-	-	-	-	SCV001871196	-	-
1245216	single nucleotide variant	NM_152467.5(KLHL10):c.1303-214G>A	317719	KLHL10	HGNC:18829	Benign	0	Jun 20, 2021	34672008	-	RCV001653393	MedGen:C3661900	not provided	germline	germline	GRCh38	NC_000017.11	17	41847047	41847047	na	na	17q21.2	criteria provided, single submitter	1	-	N	ClinGen:CA15906435	2	1255284	41847047	G	A	-	-	-	-	-	-	SCV001871677	-	-
1250985	single nucleotide variant	NM_001329595.1(KLHL10):c.-99T>C	317719	KLHL10	HGNC:18829	Benign	0	Nov 12, 2018	4796714	-	RCV001674652	MedGen:C3661900	not provided	germline	germline	GRCh38	NC_000017.11	17	41837496	41837496	na	na	17q21.2	criteria provided, multiple submitters, no conflicts	2	-	N	ClinGen:CA14402050	2	1263658	41837496	T	C	-	-	-	-	-	-	SCV001889609|SCV005248149	-	-
1254668	single nucleotide variant	NM_152467.5(KLHL10):c.1303-294T>C	317719	KLHL10	HGNC:18829	Benign	0	Jun 20, 2021	12950278	-	RCV001677370	MedGen:C3661900	not provided	germline	germline	GRCh38	NC_000017.11	17	41846967	41846967	na	na	17q21.2	criteria provided, single submitter	1	-	N	ClinGen:CA16539493	2	1267345	41846967	T	C	-	-	-	-	-	-	SCV001894316	-	-
1269916	single nucleotide variant	NM_152467.5(KLHL10):c.1303-154C>G	317719	KLHL10	HGNC:18829	Benign	0	Nov 12, 2018	4796720	-	RCV001695203	MedGen:C3661900	not provided	germline	germline	GRCh38	NC_000017.11	17	41847107	41847107	na	na	17q21.2	criteria provided, multiple submitters, no conflicts	2	-	N	ClinGen:CA14402061	2	1280051	41847107	C	G	-	-	-	-	-	-	SCV001912873|SCV005250333	-	-
1269973	single nucleotide variant	NM_152467.5(KLHL10):c.1303-92C>T	317719	KLHL10	HGNC:18829	Benign	0	Nov 12, 2018	4796721	-	RCV001695260	MedGen:C3661900	not provided	germline	germline	GRCh38	NC_000017.11	17	41847169	41847169	na	na	17q21.2	criteria provided, multiple submitters, no conflicts	2	-	N	ClinGen:CA15905980	2	1280108	41847169	C	T	-	-	-	-	-	-	SCV001912947|SCV005250334	-	-
1274027	single nucleotide variant	NM_152467.5(KLHL10):c.966T>C (p.Thr322=)	317719	KLHL10	HGNC:18829	Benign	0	Jun 09, 2021	34933374	-	RCV001698571	MedGen:C3661900	not provided	germline	germline	GRCh38	NC_000017.11	17	41845407	41845407	na	na	17q21.2	criteria provided, multiple submitters, no conflicts	2	-	N	ClinGen:CA8567300	2	1284171	41845407	T	C	-	-	-	-	-	-	SCV001916849|SCV005250331	-	-
1279327	single nucleotide variant	NM_152467.5(KLHL10):c.1303-166G>A	317719	KLHL10	HGNC:18829	Benign	0	Nov 12, 2018	4796719	-	RCV001716377	MedGen:C3661900	not provided	germline	germline	GRCh38	NC_000017.11	17	41847095	41847095	na	na	17q21.2	criteria provided, multiple submitters, no conflicts	2	-	N	ClinGen:CA14402060	2	1289496	41847095	G	A	-	-	-	-	-	-	SCV001941110|SCV005250332	-	-
2207650	single nucleotide variant	NM_152467.5(KLHL10):c.223A>G (p.Thr75Ala)	317719	KLHL10	HGNC:18829	Uncertain significance	0	May 25, 2022	376803007	-	RCV004090423	MedGen:CN169374	not specified	germline	germline	GRCh38	NC_000017.11	17	41841851	41841851	na	na	17q21.2	criteria provided, single submitter	1	-	N	ClinGen:CA8567183	2	2222932	41841851	A	G	-	-	-	-	-	-	SCV003555341	-	-
2250650	single nucleotide variant	NM_152467.5(KLHL10):c.859C>T (p.Arg287Cys)	317719	KLHL10	HGNC:18829	Uncertain significance	0	Jan 03, 2022	1176704700	-	RCV004129279	MedGen:CN169374	not specified	germline	germline	GRCh38	NC_000017.11	17	41845300	41845300	na	na	17q21.2	criteria provided, single submitter	1	-	N	ClinGen:CA399495964	2	2269025	41845300	C	T	-	-	-	-	-	-	SCV003604436	-	-
2356479	single nucleotide variant	NM_152467.5(KLHL10):c.20C>T (p.Ala7Val)	317719	KLHL10	HGNC:18829	Uncertain significance	0	Oct 27, 2022	782546231	-	RCV004199396	MedGen:CN169374	not specified	germline	germline	GRCh38	NC_000017.11	17	41837952	41837952	na	na	17q21.2	criteria provided, single submitter	1	-	N	ClinGen:CA8567136	2	2363241	41837952	C	T	-	-	-	-	-	-	SCV003705016	-	-
2405790	single nucleotide variant	NM_152467.5(KLHL10):c.1014A>C (p.Lys338Asn)	317719	KLHL10	HGNC:18829	Uncertain significance	0	Oct 06, 2020	2544489279	-	RCV003131375	MONDO:MONDO:0014037,MedGen:C3554453,OMIM:615081	Spermatogenic failure 11	germline	germline	GRCh38	NC_000017.11	17	41845455	41845455	na	na	17q21.2	criteria provided, single submitter	1	-	N	ClinGen:CA399497008	2	2433163	41845455	A	C	-	-	-	-	-	-	SCV003810067	-	-
2463667	single nucleotide variant	NM_152467.5(KLHL10):c.463G>A (p.Glu155Lys)	317719	KLHL10	HGNC:18829	Uncertain significance	0	Feb 22, 2023	2544483357	-	RCV004279246	MedGen:CN169374	not specified	germline	germline	GRCh38	NC_000017.11	17	41842091	41842091	na	na	17q21.2	criteria provided, single submitter	1	-	N	ClinGen:CA399530274	2	2487159	41842091	G	A	-	-	-	-	-	-	SCV003907526	-	-
2463668	single nucleotide variant	NM_152467.5(KLHL10):c.464A>G (p.Glu155Gly)	317719	KLHL10	HGNC:18829	Uncertain significance	0	Feb 22, 2023	2544483363	-	RCV004279247	MedGen:CN169374	not specified	germline	germline	GRCh38	NC_000017.11	17	41842092	41842092	na	na	17q21.2	criteria provided, single submitter	1	-	N	ClinGen:CA399530278	2	2487160	41842092	A	G	-	-	-	-	-	-	SCV003907527	-	-
2476681	single nucleotide variant	NM_152467.5(KLHL10):c.304G>A (p.Val102Met)	317719	KLHL10	HGNC:18829	Uncertain significance	0	Feb 01, 2023	782600399	-	RCV003222913	MedGen:C3661900	not provided	germline	germline	GRCh38	NC_000017.11	17	41841932	41841932	na	na	17q21.2	criteria provided, single submitter	1	-	N	ClinGen:CA8567202	2	2498704	41841932	G	A	-	-	-	-	-	-	SCV003917919	-	-
2673769	single nucleotide variant	NM_152467.5(KLHL10):c.454T>C (p.Tyr152His)	317719	KLHL10	HGNC:18829	Uncertain significance	0	Apr 20, 2023	782469970	-	RCV004293156	MedGen:CN169374	not specified	germline	germline	GRCh38	NC_000017.11	17	41842082	41842082	na	na	17q21.2	criteria provided, single submitter	1	-	N	ClinGen:CA8567224	2	2512741	41842082	T	C	-	-	-	-	-	-	SCV003937761	-	-
2686460	single nucleotide variant	NM_152467.5(KLHL10):c.1451C>T (p.Ala484Val)	317719	KLHL10	HGNC:18829	Uncertain significance	0	Mar 21, 2023	566424838	-	RCV004290617	MedGen:CN169374	not specified	germline	germline	GRCh38	NC_000017.11	17	41847409	41847409	na	na	17q21.2	criteria provided, single submitter	1	-	N	ClinGen:CA8567390	2	2521483	41847409	C	T	-	-	-	-	-	-	SCV003949041	-	-
2700123	single nucleotide variant	NM_152467.5(KLHL10):c.73G>A (p.Ala25Thr)	317719	KLHL10	HGNC:18829	Likely benign	0	Apr 07, 2023	2544477084	-	RCV004310525	MedGen:CN169374	not specified	germline	germline	GRCh38	NC_000017.11	17	41838005	41838005	na	na	17q21.2	criteria provided, single submitter	1	-	N	ClinGen:CA399527043	2	2534219	41838005	G	A	-	-	-	-	-	-	SCV003966692	-	-
2700579	single nucleotide variant	NM_152467.5(KLHL10):c.1358A>G (p.Tyr453Cys)	317719	KLHL10	HGNC:18829	Uncertain significance	0	Apr 18, 2023	782212341	-	RCV004313315	MedGen:CN169374	not specified	germline	germline	GRCh38	NC_000017.11	17	41847316	41847316	na	na	17q21.2	criteria provided, single submitter	1	-	N	ClinGen:CA8567378	2	2538252	41847316	A	G	-	-	-	-	-	-	SCV003967307	-	-
2710493	single nucleotide variant	NM_152467.5(KLHL10):c.582G>C (p.Glu194Asp)	317719	KLHL10	HGNC:18829	Uncertain significance	0	May 17, 2023	2544483744	-	RCV004319425	MedGen:CN169374	not specified	germline	germline	GRCh38	NC_000017.11	17	41842210	41842210	na	na	17q21.2	criteria provided, single submitter	1	-	N	ClinGen:CA399530551	2	2548113	41842210	G	C	-	-	-	-	-	-	SCV003981549	-	-
2771809	single nucleotide variant	NM_152467.5(KLHL10):c.1159T>C (p.Phe387Leu)	317719	KLHL10	HGNC:18829	Uncertain significance	0	Jun 21, 2023	1378117680	-	RCV004350576	MedGen:CN169374	not specified	germline	germline	GRCh38	NC_000017.11	17	41845600	41845600	na	na	17q21.2	criteria provided, single submitter	1	-	N	ClinGen:CA399498150	2	2604557	41845600	T	C	-	-	-	-	-	-	SCV004076209	-	-
2811352	single nucleotide variant	NM_152467.5(KLHL10):c.*5C>G	317719	KLHL10	HGNC:18829	Benign	0	May 01, 2022	188968821	-	RCV003419741	MedGen:C3661900	not provided	germline	germline	GRCh38	NC_000017.11	17	41848312	41848312	na	na	17q21.2	criteria provided, single submitter	1	-	N	ClinGen:CA8567445	2	2647775	41848312	C	G	-	-	-	-	-	-	SCV004138347	-	-
3185240	single nucleotide variant	NM_152467.5(KLHL10):c.16G>A (p.Ala6Thr)	317719	KLHL10	HGNC:18829	Uncertain significance	0	Jan 01, 2024	200592199	-	RCV003885804	MedGen:C3661900	not provided	germline	germline	GRCh38	NC_000017.11	17	41837948	41837948	na	na	17q21.2	criteria provided, single submitter	1	-	N	ClinGen:CA8567132	2	3024928	41837948	G	A	-	-	-	-	-	-	SCV004700452	-	-
3185733	single nucleotide variant	NM_152467.5(KLHL10):c.949A>G (p.Arg317Gly)	317719	KLHL10	HGNC:18829	Likely benign	0	Dec 01, 2023	149895408	-	RCV003886297	MedGen:C3661900	not provided	germline	germline	GRCh38	NC_000017.11	17	41845390	41845390	na	na	17q21.2	criteria provided, single submitter	1	-	N	ClinGen:CA8567297	2	3025421	41845390	A	G	-	-	-	-	-	-	SCV004701719	-	-
3211884	single nucleotide variant	NM_152467.5(KLHL10):c.1029C>A (p.Ile343=)	317719	KLHL10	HGNC:18829	Likely benign	0	Feb 22, 2019	539854192	-	RCV003947159	-	KLHL10-related disorder	germline	germline	GRCh38	NC_000017.11	17	41845470	41845470	na	na	17q21.2	no assertion criteria provided	1	-	N	ClinGen:CA8567312	2	3047292	41845470	C	A	-	-	-	-	-	-	SCV004761253	-	-
3219062	single nucleotide variant	NM_152467.5(KLHL10):c.1009T>C (p.Leu337=)	317719	KLHL10	HGNC:18829	Likely benign	0	Mar 20, 2019	185984794	-	RCV003971775	-	KLHL10-related disorder	germline	germline	GRCh38	NC_000017.11	17	41845450	41845450	na	na	17q21.2	no assertion criteria provided	1	-	N	ClinGen:CA8567308	2	3053101	41845450	T	C	-	-	-	-	-	-	SCV004777085	-	-
3265714	single nucleotide variant	NM_152467.5(KLHL10):c.1592T>C (p.Val531Ala)	317719	KLHL10	HGNC:18829	Uncertain significance	0	Dec 11, 2023	2544494376	-	RCV004406785	MedGen:CN169374	not specified	germline	germline	GRCh38	NC_000017.11	17	41848072	41848072	na	na	17q21.2	criteria provided, single submitter	1	-	N	ClinGen:CA399501217	2	3115467	41848072	T	C	-	-	-	-	-	-	SCV004891822	-	-
3448488	single nucleotide variant	NM_152467.5(KLHL10):c.433T>C (p.Cys145Arg)	317719	KLHL10	HGNC:18829	Uncertain significance	0	Apr 18, 2024	-1	-	RCV004637100	MedGen:CN169374	not specified	germline	germline	GRCh38	NC_000017.11	17	41842061	41842061	na	na	17q21.2	criteria provided, single submitter	1	-	N	-	2	3288884	41842061	T	C	-	-	-	-	-	-	SCV005132218	-	-
3448489	single nucleotide variant	NM_152467.5(KLHL10):c.117C>T (p.Cys39=)	317719	KLHL10	HGNC:18829	Likely benign	0	Jun 10, 2024	-1	-	RCV004631542	MedGen:CN169374	not specified	germline	germline	GRCh38	NC_000017.11	17	41838049	41838049	na	na	17q21.2	criteria provided, single submitter	1	-	N	-	2	3288885	41838049	C	T	-	-	-	-	-	-	SCV005132219	-	-
3448490	single nucleotide variant	NM_152467.5(KLHL10):c.22G>A (p.Ala8Thr)	317719	KLHL10	HGNC:18829	Uncertain significance	0	Apr 01, 2024	-1	-	RCV004637101	MedGen:CN169374	not specified	germline	germline	GRCh38	NC_000017.11	17	41837954	41837954	na	na	17q21.2	criteria provided, single submitter	1	-	N	-	2	3288886	41837954	G	A	-	-	-	-	-	-	SCV005132220	-	-
3692287	single nucleotide variant	NM_152467.5(KLHL10):c.1757A>G (p.Asp586Gly)	317719	KLHL10	HGNC:18829	Uncertain significance	0	Sep 24, 2024	-1	-	RCV004941403	MedGen:CN169374	not specified	germline	germline	GRCh38	NC_000017.11	17	41848237	41848237	na	na	17q21.2	criteria provided, single submitter	1	-	N	-	2	3535004	41848237	A	G	-	-	-	-	-	-	SCV005610274	-	-
3692288	single nucleotide variant	NM_152467.5(KLHL10):c.1691G>A (p.Arg564His)	317719	KLHL10	HGNC:18829	Uncertain significance	0	Jul 31, 2024	-1	-	RCV004941404	MedGen:CN169374	not specified	germline	germline	GRCh38	NC_000017.11	17	41848171	41848171	na	na	17q21.2	criteria provided, single submitter	1	-	N	-	2	3535005	41848171	G	A	-	-	-	-	-	-	SCV005610275	-	-
3692289	single nucleotide variant	NM_152467.5(KLHL10):c.874A>G (p.Ile292Val)	317719	KLHL10	HGNC:18829	Uncertain significance	0	Aug 14, 2024	-1	-	RCV004941405	MedGen:CN169374	not specified	germline	germline	GRCh38	NC_000017.11	17	41845315	41845315	na	na	17q21.2	criteria provided, single submitter	1	-	N	-	2	3535006	41845315	A	G	-	-	-	-	-	-	SCV005610276	-	-
3692290	single nucleotide variant	NM_152467.5(KLHL10):c.1549C>T (p.Arg517Cys)	317719	KLHL10	HGNC:18829	Uncertain significance	0	Sep 11, 2024	-1	-	RCV004927538	MedGen:CN169374	not specified	germline	germline	GRCh38	NC_000017.11	17	41848029	41848029	na	na	17q21.2	criteria provided, single submitter	1	-	N	-	2	3535007	41848029	C	T	-	-	-	-	-	-	SCV005610277	-	-
3976714	single nucleotide variant	NM_152467.5(KLHL10):c.1516A>G (p.Thr506Ala)	317719	KLHL10	HGNC:18829	Uncertain significance	0	Feb 07, 2025	-1	-	RCV005352756	MedGen:CN169374	not specified	germline	germline	GRCh38	NC_000017.11	17	41847996	41847996	na	na	17q21.2	criteria provided, single submitter	1	-	N	-	2	3864744	41847996	A	G	-	-	-	-	-	-	SCV006021022	-	-
3976715	single nucleotide variant	NM_152467.5(KLHL10):c.1219G>A (p.Glu407Lys)	317719	KLHL10	HGNC:18829	Uncertain significance	0	Dec 12, 2024	-1	-	RCV005368416	MedGen:CN169374	not specified	germline	germline	GRCh38	NC_000017.11	17	41845660	41845660	na	na	17q21.2	criteria provided, single submitter	1	-	N	-	2	3864745	41845660	G	A	-	-	-	-	-	-	SCV006021023	-	-
3976716	single nucleotide variant	NM_152467.5(KLHL10):c.1597G>A (p.Gly533Ser)	317719	KLHL10	HGNC:18829	Uncertain significance	0	Dec 29, 2024	-1	-	RCV005360753	MedGen:CN169374	not specified	germline	germline	GRCh38	NC_000017.11	17	41848077	41848077	na	na	17q21.2	criteria provided, single submitter	1	-	N	-	2	3864746	41848077	G	A	-	-	-	-	-	-	SCV006021024	-	-
4155887	single nucleotide variant	NM_152467.5(KLHL10):c.812T>C (p.Met271Thr)	317719	KLHL10	HGNC:18829	Uncertain significance	0	Mar 20, 2025	-1	-	RCV005589549	MedGen:CN169374	not specified	germline	germline	GRCh38	NC_000017.11	17	41845253	41845253	na	na	-	criteria provided, single submitter	1	-	N	-	2	4044024	41845253	T	C	-	-	-	-	-	-	SCV006255749	-	-
4155888	single nucleotide variant	NM_152467.5(KLHL10):c.1504C>T (p.Pro502Ser)	317719	KLHL10	HGNC:18829	Uncertain significance	0	Apr 03, 2025	-1	-	RCV005589550	MedGen:CN169374	not specified	germline	germline	GRCh38	NC_000017.11	17	41847984	41847984	na	na	-	criteria provided, single submitter	1	-	N	-	2	4044025	41847984	C	T	-	-	-	-	-	-	SCV006255750	-	-
4155889	single nucleotide variant	NM_152467.5(KLHL10):c.361A>G (p.Ile121Val)	317719	KLHL10	HGNC:18829	Uncertain significance	0	May 11, 2025	-1	-	RCV005589551	MedGen:CN169374	not specified	germline	germline	GRCh38	NC_000017.11	17	41841989	41841989	na	na	-	criteria provided, single submitter	1	-	N	-	2	4044026	41841989	A	G	-	-	-	-	-	-	SCV006255751	-	-
4155890	single nucleotide variant	NM_152467.5(KLHL10):c.1585T>A (p.Leu529Met)	317719	KLHL10	HGNC:18829	Uncertain significance	0	Apr 20, 2025	-1	-	RCV005589552	MedGen:CN169374	not specified	germline	germline	GRCh38	NC_000017.11	17	41848065	41848065	na	na	-	criteria provided, single submitter	1	-	N	-	2	4044027	41848065	T	A	-	-	-	-	-	-	SCV006255752	-	-
4155891	single nucleotide variant	NM_152467.5(KLHL10):c.1629T>A (p.Asn543Lys)	317719	KLHL10	HGNC:18829	Uncertain significance	0	Apr 11, 2025	-1	-	RCV005589553	MedGen:CN169374	not specified	germline	germline	GRCh38	NC_000017.11	17	41848109	41848109	na	na	-	criteria provided, single submitter	1	-	N	-	2	4044028	41848109	T	A	-	-	-	-	-	-	SCV006255753	-	-
4155892	single nucleotide variant	NM_152467.5(KLHL10):c.362T>C (p.Ile121Thr)	317719	KLHL10	HGNC:18829	Uncertain significance	0	May 01, 2025	-1	-	RCV005589554	MedGen:CN169374	not specified	germline	germline	GRCh38	NC_000017.11	17	41841990	41841990	na	na	-	criteria provided, single submitter	1	-	N	-	2	4044029	41841990	T	C	-	-	-	-	-	-	SCV006255754	-	-
4155893	single nucleotide variant	NM_152467.5(KLHL10):c.422G>C (p.Cys141Ser)	317719	KLHL10	HGNC:18829	Uncertain significance	0	May 19, 2025	-1	-	RCV005589555	MedGen:CN169374	not specified	germline	germline	GRCh38	NC_000017.11	17	41842050	41842050	na	na	-	criteria provided, single submitter	1	-	N	-	2	4044030	41842050	G	C	-	-	-	-	-	-	SCV006255755	-	-
4155894	single nucleotide variant	NM_152467.5(KLHL10):c.29C>T (p.Thr10Ile)	317719	KLHL10	HGNC:18829	Uncertain significance	0	Jun 09, 2025	-1	-	RCV005589556	MedGen:CN169374	not specified	germline	germline	GRCh38	NC_000017.11	17	41837961	41837961	na	na	-	criteria provided, single submitter	1	-	N	-	2	4044031	41837961	C	T	-	-	-	-	-	-	SCV006255756	-	-
